DATE,PREDICTED CLOSING PRICE
2024-10-08,271.65
2024-10-09,271.77
2024-10-10,271.65
2024-10-11,273.63
2024-10-12,273.63
2024-10-13,273.63
2024-10-14,271.58
2024-10-15,271.65
2024-10-16,271.77
2024-10-17,271.65
2024-10-18,273.63
2024-10-19,273.63
2024-10-20,273.63
2024-10-21,271.58
2024-10-22,271.65
2024-10-23,271.77
2024-10-24,271.65
2024-10-25,273.63
2024-10-26,273.63
2024-10-27,273.63
2024-10-28,271.58
2024-10-29,271.65
2024-10-30,271.77
2024-10-31,271.65
2024-11-01,273.63
2024-11-02,273.63
2024-11-03,273.63
2024-11-04,271.58
2024-11-05,271.65
2024-11-06,271.77
